Telecommunications,Utilities,Consumer products,Energy,Plantations,ESG-rated year,ROA,ROE,MV,ESG,DV,Size,Growth,Leverage,GovOwn,FamilyOwn
0,0,0,0,0,2021,1.59914107,0.03109,9.50499963,61.16,1,23.32379957,0.42342511,47.03748071,1,0
0,0,0,0,0,2020,-2.05515267,-0.03909,9.39862491,68.01,1,23.32446649,-0.60924687,59.60674086,1,0
0,0,0,0,0,2019,2.02098865,0.0396,9.47963216,62.17,1,23.37049143,0.09855633,66.18022411,1,0
0,0,0,0,0,2018,0.8059922,0.0403,9.67384386,71.37,1,23.39031326,0.01038947,61.25314468,1,0
0,0,0,0,0,2017,1.1945809,0.0216,9.67799982,72.36,1,23.32967438,0.05235429,54.36660838,1,0
0,0,0,0,0,2016,2.23418228,0.03915,9.70602854,68.33,1,23.19149816,-0.34256938,40.39870398,1,0
0,0,0,0,0,2015,4.5869105,0.07771,9.80602963,62.24,1,23.11892224,0.09746673,37.23593173,1,0
0,0,0,0,0,2014,6.12945005,0.10219,10.02972242,65.27,1,23.00661388,0.25035779,32.23201748,1,0
0,0,0,0,0,2013,5.30635758,0.08833,9.95850855,62.79,1,22.93005398,0.1388609,32.26048389,1,0
0,0,0,0,0,2012,-1.60504225,-0.03149,9.20916969,86.8,1,23.28652037,0.04189533,62.95972581,1,0
0,0,1,0,0,2021,-18.65250488,-1.10007244,9.48847482,63.49,1,23.71978145,-0.43922961,312.794135,0,0
0,0,1,0,0,2020,-25.90346078,-3.32082,9.47094635,61.07,1,23.71730348,-0.72392178,292.1101832,0,0
0,0,1,0,0,2019,-1.28316357,0.0762,9.754452,54.34,1,23.94798846,0.11487808,286.5211534,0,0
0,0,1,0,0,2018,8.42979497,0.16723,9.83194965,37.66,0,23.65551855,0.09563354,15.48122707,0,0
0,0,1,0,0,2017,7.19832,0.1632,9.82296831,27.19,0,23.76422857,0.41828812,115.6623174,0,0
0,0,1,0,0,2016,7.47573464,0.28621,9.57826516,31.66,0,23.80985087,0.08708428,159.4929282,0,0
0,0,1,0,0,2015,2.57872875,0.12257,9.32901905,32.84,0,23.78097983,0.16284263,283.2862943,0,0
0,0,1,0,0,2014,0.43009109,0.10497,9.65299835,38.46,0,23.74089756,0.05945473,279.4240115,0,0
0,0,1,0,0,2013,2.15646887,0.13257,9.56054933,36.47,0,23.5670887,0.03350747,203.3791301,0,0
0,0,1,0,0,2012,5.32897463,0.16672,9.65570105,42.37,0,23.4787599,0.10031943,173.0185301,0,0
0,0,1,0,0,2021,-1.39849205,-0.0252,10.25780104,62.88,1,25.35262231,0.16995702,128.1325781,0,0
0,0,1,0,0,2020,-2.05695402,-0.0049,10.23057705,61.87,1,25.32483976,-0.46503365,111.5333046,0,0
0,0,1,0,0,2019,3.71532183,0.06879,10.35329513,53.94,1,25.34839922,0.03661344,93.56734084,0,0
0,0,1,0,0,2018,2.57586138,0.11536,10.35249208,55.57,1,25.28908639,0.04131191,85.26800433,0,0
0,0,1,0,0,2017,3.5013139,0.0664,10.52473297,59.43,1,25.26238643,0.09037995,80.44092708,0,0
0,0,1,0,0,2016,4.94842044,0.03624,10.4494189,58.72,1,25.25096972,0.01466266,43.65360788,0,0
0,0,1,0,0,2015,3.19276224,0.06734,10.41123378,41.83,0,25.21675012,-0.00637334,46.62390115,0,0
0,0,1,0,0,2014,4.35618317,0.0727,10.49344438,34.16,0,25.01771476,0.06456401,38.11927191,0,0
0,0,1,0,0,2013,5.24728905,0.07545,10.55392538,25.13,0,24.99290031,0.03947296,42.76540275,0,0
0,0,1,0,0,2012,6.17439146,0.20263,10.48570245,28.05,0,24.90707474,-0.15834654,53.08666676,0,0
0,0,1,0,0,2021,-3.58107855,-0.04919,10.21958018,58.28,1,24.13804365,-0.08216305,100.0188627,0,0
0,0,1,0,0,2020,-7.66723269,-0.0999,10.17805995,51.16,1,24.06567195,-0.56482718,68.65971915,0,0
0,0,1,0,0,2019,4.09714811,0.0786,10.25026354,55.58,1,24.22920697,0.04827954,58.80330421,0,0
0,0,1,0,0,2018,-0.27980281,0.10669,10.20282513,55.22,1,24.18014835,0.06401723,53.56709676,0,0
0,0,1,0,0,2017,3.70739059,0.062,10.46655371,56.14,1,24.1234101,0.04463926,36.09284032,0,0
0,0,1,0,0,2016,10.108057,0.08149,10.37104353,46.27,0,24.05169118,0.06380495,22.01753988,0,0
0,0,1,0,0,2015,5.14508051,0.07562,10.3516522,40.11,0,24.03820538,0.02023234,24.23900966,0,0
0,0,1,0,0,2014,5.61045632,0.08424,10.31977243,25.35,0,23.75808458,-0.01178025,9.92498911,0,0
0,0,1,0,0,2013,8.62910013,0.11792,10.35165215,27.95,0,23.71156928,0.05506214,10.86758227,0,0
0,0,1,0,0,2012,8.40575367,0.1222,10.26040632,27.74,0,23.54841143,-0.07073478,8.44975146,0,0
0,0,1,0,0,2021,-0.01361346,-0.01188263,8.32754567,64.17,1,16.07145478,0.48250774,272.8448106,0,1
0,0,1,0,0,2020,-6.60557886,-0.05023244,8.34000843,50.11,1,23.01388563,-0.19379567,376.8446776,0,1
0,0,1,0,0,2019,-1.7418561,-0.01380166,8.38140112,45.81,0,23.06956289,0.01279091,121.9738452,0,1
0,0,1,0,0,2018,-1.81513173,-0.01483003,8.42814452,43.35,0,22.86760076,0.00446793,111.8420953,0,1
0,0,1,0,0,2017,-1.18013276,-0.00910646,8.75078567,38.36,0,22.9144093,0.02058195,112.7731866,0,1
0,0,1,0,0,2016,-1.68340736,-0.01348002,8.83485845,33.25,0,22.99915874,0.03875262,103.76476,0,1
0,0,1,0,0,2015,-0.14152338,-0.00106335,9.04329992,26.4,0,23.00802753,0.05213932,93.58707177,0,1
0,0,1,0,0,2014,2.81071839,0.07951,9.43691843,25.26,0,23.01000108,0.02863248,66.59914863,0,1
0,0,1,0,0,2013,5.32858013,0.0513,9.4783111,27.05,0,22.85937418,0.00937813,57.25272013,0,1
0,0,1,0,0,2012,8.88223578,0.08789,9.75498182,27.85,0,22.77035811,0.17017506,46.3869017,0,1
0,0,1,0,0,2021,10.27447536,0.18422,10.36669825,41.97,0,22.96023588,-0.14447665,2.23970549,1,0
0,0,1,0,0,2020,9.02410838,0.16281,10.38562241,45.99,0,22.81149429,-0.22169347,4.27718812,1,0
0,0,1,0,0,2019,8.15269667,0.16911,10.48268638,26.41,0,23.04244184,0.09578054,12.16333801,1,0
0,0,1,0,0,2018,5.15683517,0.10513,10.2187076,42.21,0,22.97881498,-0.00002857,10.40289097,1,0
0,0,1,0,0,2017,8.55028619,0.17454,10.35627169,27.21,0,23.01819449,0.32545524,9.64041104,1,0
0,0,1,0,0,2016,11.38420645,0.27237,10.3750121,44.24,0,23.00035187,0.27333224,1.12094062,1,0
0,0,1,0,0,2015,9.10680459,0.14285,10.41726547,51.01,1,22.93928872,0.09657343,0.93198273,1,0
0,0,1,0,0,2014,8.74037025,0.1397,10.35763157,44.98,0,23.02547606,0.0074768,5.59166886,1,0
0,0,1,0,0,2013,5.91557008,0.09439,10.31101498,63.71,1,22.98511258,0.20278925,2.08582009,1,0
0,0,1,0,0,2012,2.9681385,0.0475,10.32756154,53.76,1,22.84668,-0.38234594,3.15694632,1,0
0,0,1,0,0,2021,5.33066619,0.05917,10.30671073,52.94,1,23.8538841,0.02338968,5.08384102,0,0
0,0,1,0,0,2020,4.96041246,0.05111,10.27047667,45.05,0,23.84575014,0.03410358,2.51759082,0,0
0,0,1,0,0,2019,5.31014884,0.05723,10.2715706,44.52,0,23.81091499,0.09384092,3.64953477,0,0
0,0,1,0,0,2018,5.76546045,0.12339,10.38607859,72.41,1,24.03370527,0.15910029,5.81544603,0,0
0,0,1,0,0,2017,5.62660308,0.0825,10.4169956,75.83,1,23.93747712,-0.10527532,3.2841853,0,0
0,0,1,0,0,2016,5.12237845,0.05429,10.42443552,75.17,1,23.88475239,0.03434343,2.88164001,0,0
0,0,1,0,0,2015,4.77635934,0.05127,10.39437349,62.52,1,23.86934139,0.05694427,3.58362808,0,0
0,0,1,0,0,2014,5.26437326,0.05646,10.22550955,42.17,0,23.64670582,0.1171448,3.2911303,0,0
0,0,1,0,0,2013,6.07104125,0.06645,10.27807706,36.07,0,23.56032062,0.09774627,2.68028809,0,0
0,0,1,0,0,2012,5.64158006,0.05945,10.13463151,38.62,0,23.46921209,0.11340438,2.61946729,0,0
0,0,1,0,0,2021,5.57252807,0.189,9.40941862,33.73,0,21.90564589,0.08352612,165.4168104,0,0
0,0,1,0,0,2020,6.48400667,0.23461,9.47110913,36.19,0,21.76196144,0.04173814,169.3372052,0,0
0,0,1,0,0,2019,4.79604307,0.1821,9.54228465,34.52,0,21.772725,-0.29545485,201.0383094,0,0
0,0,1,0,0,2018,9.04366572,0.32125,9.45494749,16.11,0,21.69748315,0.18918031,155.7080917,0,0
0,0,1,0,0,2017,7.96578564,0.30373209,9.48091308,12.49,0,21.68048813,-0.03462734,155.3178838,0,0
0,0,1,0,0,2016,9.37949215,0.378295,9.60195672,10.19,0,21.70012848,0.03022868,148.9213823,0,0
0,0,1,0,0,2015,12.93629315,0.49407134,9.61496486,7.78,0,21.53938833,0.05291481,150.2122177,0,0
0,0,1,0,0,2014,16.91286254,0.48845779,9.67597206,7.83,0,21.49000078,0.21719419,137.1497611,0,0
0,0,1,0,0,2013,18.59929498,0.65801824,9.73811998,3.25,0,21.15703978,0.19636326,117.0817781,0,0
0,0,1,0,0,2012,27.16180521,0.81359777,9.779025,5.06,0,21.07958132,0.00571214,96.70305964,0,0
0,0,1,0,0,2021,4.36623862,0.06719,9.54030857,71.7,1,23.22246067,0.1576459,54.63666206,1,0
0,0,1,0,0,2020,2.86003331,0.09279,9.59903104,60.8,1,23.16100156,-0.18609362,51.11531616,1,0
0,0,1,0,0,2019,5.90249667,0.12949,9.71979846,65.92,1,23.1345115,0.03852703,54.31077224,1,0
0,0,1,0,0,2018,6.4853635,0.11766,9.80160918,42.08,0,23.09263724,0.02141671,63.77516969,1,0
0,0,1,0,0,2017,1.09842359,-0.1231,9.77962516,47.84,0,23.02002912,0.06034811,90.62518049,1,0
0,0,1,0,0,2016,-2.40861219,-0.07232,9.6892095,51.03,1,23.50865522,-0.27730935,134.683109,1,0
0,0,1,0,0,2015,0.01261765,0.06565,9.92526807,40.16,0,23.61810682,-0.03287509,91.34771609,1,0
0,0,1,0,0,2014,7.79695953,0.11303,10.06910393,37.25,0,23.52781787,0.07031737,63.66992166,1,0
0,0,1,0,0,2013,8.31250439,0.15778,10.10712389,35.73,0,23.41834251,-0.117939,47.50918349,1,0
0,0,1,0,0,2012,14.42265603,0.20804,10.1027809,30.7,0,23.1648424,0.16852664,55.84723474,1,0
0,1,0,0,0,2021,10.67221768,0.14645,10.51985247,39.7,0,23.59272806,0.07353396,24.90613614,1,0
0,1,0,0,0,2020,11.22524736,0.1486,10.60569064,18.77,0,23.52987137,0.02363691,18.79734565,1,0
0,1,0,0,0,2019,10.4812362,0.14759,10.49794207,36.49,0,23.69795428,-0.00724326,29.43608487,1,0
0,1,0,0,0,2018,10.57188072,0.14205,10.56061227,37.91,0,23.63691913,0.12281462,25.9439389,1,0
0,1,0,0,0,2017,14.36824563,0.1809,10.63333689,15.09,0,23.38924375,0.01462731,9.25149572,1,0
0,1,0,0,0,2016,13.9114695,0.17714,10.62288081,7.65,0,23.30805379,0.12835539,8.37535806,1,0
0,1,0,0,0,2015,10.98013886,0.15529,10.52755379,38.14,0,23.63260191,0.02452563,25.95555261,1,0
0,1,0,0,0,2014,12.11895594,0.15856,10.56779086,11.06,0,23.24404763,0.29353006,14.8911592,1,0
0,1,0,0,0,2013,11.25160462,0.1546,10.5491389,44.46,0,23.67745205,0.01010083,26.31674739,1,0
0,1,0,0,0,2012,16.20277766,0.21396,10.66255973,13.23,0,23.30517963,0.08817115,8.20002085,1,0
0,1,0,0,0,2021,6.12963528,0.062,10.85735439,45.54,0,25.42977707,0.15248029,74.60321133,1,0
0,1,0,0,0,2020,4.97024795,0.056,10.77361752,46.94,0,25.32842902,0.03577008,83.87603831,1,0
0,1,0,0,0,2019,5.27548537,0.045,10.55093606,43.27,0,25.20591918,0.11188169,70.10691249,1,0
0,1,0,0,0,2018,5.32123736,0.066,10.84197951,55.19,1,25.48659295,0.01155345,66.52707168,1,0
0,1,0,0,0,2017,2.51388679,0.0714,10.85433185,41.26,0,25.75835762,2.18393768,91.12812036,1,0
0,1,0,0,0,2016,5.85576866,0.064,10.86116083,50.83,1,25.61287936,0.02875472,76.84019042,1,0
0,1,0,0,0,2015,2.12326379,0.06759,10.72820515,50.06,1,25.93056709,0.19677779,142.9471598,1,0
0,1,0,0,0,2014,4.86719432,0.054,10.90274826,47.39,0,25.67918021,-0.64458642,81.75509675,1,0
0,1,0,0,0,2013,2.0075469,0.06267,10.75789012,45.13,0,25.92415393,-0.13670477,140.0267225,1,0
0,1,0,0,0,2012,2.67334492,0.0877,10.84333647,41.57,0,25.90979765,0.01085876,132.3135881,1,0
0,1,0,0,0,2021,1.6055336,-0.02003818,9.80571844,68.23,1,25.00466598,0.39898766,340.2301172,0,0
0,1,0,0,0,2020,-0.45542108,-0.02927,9.92595188,57.63,1,25.02427692,-0.09948823,364.0650241,0,0
0,1,0,0,0,2019,0.00635317,-0.0148,10.03333769,54.22,1,24.96981101,0.06266348,362.668591,0,0
0,1,0,0,0,2018,0.97433352,0.01888,10.04216823,53.18,1,25.06767979,0.13576847,347.4393347,0,0
0,1,0,0,0,2017,1.33022502,0.0251,10.17456776,49.07,0,24.99059639,0.07885743,297.5837798,0,0
0,1,0,0,0,2016,2.69454747,0.07318,10.23235822,34.61,0,24.93804173,-0.13049354,256.1551917,0,1
0,1,0,0,0,2015,2.03258032,0.0541,10.22817864,44.25,0,25.03659809,-0.04219306,291.3977273,0,1
0,1,0,0,0,2014,2.81706517,0.06342,10.22908155,39.7,0,24.9293742,-0.08219896,253.7901551,0,1
0,1,0,0,0,2013,4.54430908,0.11061,10.24047613,34.86,0,24.83220317,-0.03813086,233.4444911,0,1
0,1,0,0,0,2012,3.47992431,0.10491,10.30849058,41.62,0,24.66723921,-0.00805475,233.9202836,0,1
0,1,0,0,0,2021,2.37344221,0.12284,9.70046993,60.74,1,24.65445533,0.64991613,196.5022388,0,1
0,1,0,0,0,2020,-0.20789322,0.01060422,9.78375109,42.12,0,24.67649485,0.01387144,236.7687712,0,1
0,1,0,0,0,2019,0.27342357,0.0054,9.79808561,46.28,0,24.57556446,-0.09337471,233.4120033,0,1
0,1,0,0,0,2018,1.32583035,0.03574,9.83067264,45.07,0,24.55481695,0.10623905,211.2697956,0,1
0,1,0,0,0,2017,1.51551617,0.04725,10.02206559,38.63,0,24.55550638,0.08468454,208.838891,0,1
0,1,0,0,0,2016,1.71695028,0.05231,10.08396915,28.53,0,24.60529227,-0.04560801,215.9791323,0,1
0,1,0,0,0,2015,2.7127299,0.0876,10.07883087,30.49,0,24.48730622,-0.13601841,193.2646928,0,1
0,1,0,0,0,2014,2.19867641,0.08269,10.04058206,20.2,0,24.51524273,-0.17860936,222.2965226,0,1
0,1,0,0,0,2013,3.0603021,0.11591,10.13234883,18.86,0,24.40796712,-0.09181814,225.3009485,0,1
0,1,0,0,0,2012,2.64478223,0.11136,10.05869518,20.73,0,24.38473136,0.00162687,232.4080981,0,1
1,0,0,0,0,2021,8.29210551,0.4184,9.69493684,61.64,1,22.39562221,-0.04224817,269.2833432,0,0
1,0,0,0,0,2020,8.80909306,0.55829,9.67386181,56.73,1,22.47856877,-0.11240984,314.0535149,0,0
1,0,0,0,0,2019,10.34863127,0.90939,9.82101695,52.35,1,22.54755703,-0.10352985,411.4917802,0,0
1,0,0,0,0,2018,7.03145259,0.74728,9.83114057,58.33,1,22.55738212,-0.00934864,610.0914453,0,0
1,0,0,0,0,2017,11.6514772,1.20704,10.14040721,59.58,1,22.64720787,-0.01459098,606.6754183,0,0
1,0,0,0,0,2016,9.37191412,1.01903,10.13177124,56.1,1,22.55838807,0.02507154,546.2889087,0,0
1,0,0,0,0,2015,8.91941998,0.95056,10.15733112,59.71,1,22.65493217,0.04662709,633.4333819,0,0
1,0,0,0,0,2014,7.42689335,0.79492,10.1975903,56.96,1,22.63004898,0.09199034,504.9768655,0,0
1,0,0,0,0,2013,6.5743983,0.79666,10.19298259,58.98,1,22.68383938,0.12327762,597.5905521,0,0
1,0,0,0,0,2012,6.44266645,0.84045,10.19298259,58.75,1,22.59719345,0.10874061,719.2966483,0,0
1,0,0,0,0,2021,1.81746666,0.04589,10.58169878,73.85,1,25.00754774,0.07013502,162.2936083,1,0
1,0,0,0,0,2020,0.92797865,0.0219,10.53521922,68.08,1,24.94221085,-0.01546338,155.1715586,1,0
1,0,0,0,0,2019,2.78412806,0.0866,10.57849941,66.41,1,24.92249112,0.02920277,158.6236225,1,0
1,0,0,0,0,2018,-7.43790073,0.05686,10.55148273,61.37,1,24.88055925,-0.02117087,127.1630005,1,0
1,0,0,0,0,2017,1.65284933,0.04558,10.69555677,60.33,1,24.97048878,0.13155379,83.316751,1,0
1,0,0,0,0,2016,1.0359445,0.06369,10.62623719,64.31,1,24.97871868,0.0845895,99.88883683,1,0
1,0,0,0,0,2015,5.01037097,0.11539,10.75159064,49.83,0,24.75072728,0.06261741,72.84048909,1,0
1,0,0,0,0,2014,5.11540614,0.11899,10.78119784,52.74,1,24.61768351,0.01855854,69.73089106,1,0
1,0,0,0,0,2013,6.33725609,0.12839,10.76977388,40.72,0,24.49596346,0.0407455,68.47752106,1,0
1,0,0,0,0,2012,6.85316095,0.14125,10.74815658,43.96,0,24.48285072,0.08355813,62.97384126,1,0
1,0,0,0,0,2021,14.50224874,1.87639,10.53018689,59.53,1,22.78248095,0.02973095,783.6897589,0,0
1,0,0,0,0,2020,14.94804016,1.95307,10.50770074,49.34,0,22.82565994,-0.02296376,899.8892476,0,0
1,0,0,0,0,2019,19.96376719,2.14968,10.54003526,50.79,1,22.82121517,-0.0351998,780.2879451,0,0
1,0,0,0,0,2018,25.59518871,2.58542,10.54391291,41.66,0,22.54986223,0.02943597,400.1934081,0,0
1,0,0,0,0,2017,26.06342933,2.84531,10.59827057,41.48,0,22.48690237,-0.03890026,521.3466662,0,0
1,0,0,0,0,2016,32.13806397,3.14386,10.57464753,36.12,0,22.42764259,-0.04583204,439.438635,0,0
1,0,0,0,0,2015,38.4252421,2.85782,10.62309416,37.66,0,22.26277344,-0.01489248,249.1339374,0,0
1,0,0,0,0,2014,50.42677802,3.01542,10.68098556,40.21,0,22.18368342,0.0423405,152.6875828,0,0
1,0,0,0,0,2013,43.93134888,3.6991,10.58618207,12.45,0,22.04560551,0.05856046,113.3626526,0,0
1,0,0,0,0,2012,27.16411273,1.44159,10.61415607,40.21,0,22.11303366,0.0665597,413.3418286,0,0
1,0,0,0,0,2021,5.89521127,0.18989,10.57824875,69,1,23.8342446,0.02643319,150.0371747,0,1
1,0,0,0,0,2020,6.24562196,0.19579,10.5946798,64.64,1,23.81121259,-0.03725974,138.4822695,0,1
1,0,0,0,0,2019,7.17785785,0.2137,10.61715906,72.36,1,23.78838424,0.01311557,141.7511784,0,1
1,0,0,0,0,2018,9.14059147,0.25086,10.61938745,69.3,1,23.70920027,-0.02408398,106.8602161,0,1
1,0,0,0,0,2017,11.24384408,0.35467,10.6695699,63.84,1,23.68072495,0.09376604,110.0673725,0,1
1,0,0,0,0,2016,10.42054856,0.44058,10.65037221,69.66,1,23.70098688,0.00130491,208.9437203,0,1
1,0,0,0,0,2015,9.41966331,0.44015,10.70615852,70.84,1,23.66686236,0.02528115,236.4350486,0,1
1,0,0,0,0,2014,9.7339914,0.35644,10.70914573,63.21,1,23.61967489,-0.07660891,191.4354971,0,1
1,0,0,0,0,2013,10.0891888,0.32138,10.73480562,56.36,1,23.57570494,0.01311768,125.8306625,0,1
1,0,0,0,0,2012,10.39608135,0.24529,10.69592908,54.47,1,23.6025867,0.01896687,96.63716794,0,1
1,0,0,0,0,2021,3.71534071,0.0914,8.66305768,78.77,1,21.0699663,0.07548545,48.35582048,0,1
1,0,0,0,0,2020,-1.29081205,-0.03129,8.49985444,70.25,1,21.01407626,-0.0582927,53.83228696,0,1
1,0,0,0,0,2019,-13.47641294,-0.09939,8.49216761,72.85,1,21.06517896,-0.06721389,42.11949577,0,1
1,0,0,0,0,2018,4.06853563,-0.13506,8.58282868,64.72,1,20.99907925,-0.01091983,0.51556846,0,1
1,0,0,0,0,2017,-35.868131,-0.15462,8.92582317,67.4,1,21.18212131,-0.06996078,40.97789082,0,1
1,0,0,0,0,2016,-3.11403978,-0.03841,9.10570742,67.19,1,21.48955985,-0.09713923,20.53243333,0,1
1,0,0,0,0,2015,5.76919358,0.08634,9.1488133,64.73,1,21.56915728,-0.0526138,18.51769809,0,1
1,0,0,0,0,2014,3.01353953,0.04649,9.29046931,40.51,0,21.63092785,-0.12534483,28.45024134,0,1
1,0,0,0,0,2013,8.20560731,0.13369,9.45987606,40.36,0,21.68133631,0.01478227,30.14714183,0,1
1,0,0,0,0,2012,8.30493223,0.14357,9.40251574,37.28,0,21.70465868,0.04667435,44.1252771,0,1
1,0,0,0,0,2021,2.48266204,0.1003,10.34946621,48.96,0,23.94220566,0.02894656,108.7230087,1,0
1,0,0,0,0,2020,2.93589264,0.1203,10.37428979,49.79,0,23.93256798,0.00200648,103.9102442,1,0
1,0,0,0,0,2019,4.83498837,0.14428,10.29786073,66.72,1,23.77474024,0.06356131,90.45076856,1,0
1,0,0,0,0,2018,5.99480808,0.1271,10.33460468,67.34,1,23.82317342,0.09210224,103.5621048,1,0
1,0,0,0,0,2017,3.84969511,0.11311,10.40805771,60.95,1,23.84224177,0.05705307,85.17124328,1,0
1,0,0,0,0,2016,2.51635439,0.09123,10.40617894,55.12,1,23.91838571,0.0433018,97.46934684,1,0
1,0,0,0,0,2015,3.72705351,0.1224,10.31713017,67.81,1,23.85138948,0.06353145,101.3488837,1,0
1,0,0,0,0,2014,2.26106498,0.085,10.15790645,57.96,1,23.96584647,-0.0325823,144.8057335,1,0
1,0,0,0,0,2013,3.99372872,0.14039,10.30995803,64,1,23.91285702,-0.05194067,133.8236533,1,0
1,0,0,0,0,2012,-1.07497375,0.02004,9.99983088,54.33,1,23.88893074,-0.02199403,113.9012917,1,0
0,0,0,1,0,2021,5.20137257,0.1614,9.44346812,67.47,1,23.21402582,-0.03251607,176.2347052,0,0
0,0,0,1,0,2020,0.67262481,0.0394,9.3138806,68.14,1,23.26073078,0.07947004,265.4321913,0,0
0,0,0,1,0,2019,0.2585241,0.12419,9.49339644,68.61,1,23.3608337,-0.14389068,295.3369809,0,0
0,0,0,1,0,2018,-13.49294133,-0.01351,8.95903916,60.87,1,23.46637213,0.00691428,308.8119868,0,0
0,0,0,1,0,2017,1.83949057,0.06471,9.65202343,55.58,1,23.658983,0.8234022,209.61436,0,0
0,0,0,1,0,2016,-9.98455087,-0.02228,9.55011737,39.91,0,23.81839669,-0.39561937,233.5167187,0,0
0,0,0,1,0,2015,-1.48673636,0.02704,9.77696217,38.37,0,23.61766497,-0.09076939,110.6386561,0,0
0,0,0,1,0,2014,1.92906278,0.03961,9.8057885,31.69,0,23.39409104,0.15645652,92.63671882,0,0
0,0,0,1,0,2013,5.52876649,0.10638,10.07240832,43.95,0,22.89911525,0.24941176,86.70208065,0,0
0,0,0,1,0,2012,5.59668213,0.10603,10.06662738,41.67,0,22.65909087,0.07467342,71.15059578,0,0
0,0,0,1,0,2021,6.01367133,0.1994,10.17003476,62.67,1,22.90335047,0.4404553,42.99725679,0,0
0,0,0,1,0,2020,7.16101329,0.1192,10.28950553,68.04,1,22.79985456,-0.30108038,38.50117568,0,0
0,0,0,1,0,2019,9.32523672,0.15289,10.28922464,64.89,1,22.69596104,-0.03478175,46.72737925,0,0
0,0,0,1,0,2018,8.4484352,0.14696,10.24416594,63.04,1,22.62683185,-0.2327946,44.16408703,0,0
0,0,0,1,0,2017,8.67337901,0.13453,10.15107927,68.01,1,22.57411683,-0.08320503,45.99603364,0,0
0,0,0,1,0,2016,7.49752286,0.13414,9.9176834,60,1,22.4840003,0.3386888,45.75675417,0,0
0,0,0,1,0,2015,7.75770547,0.13423,9.91974823,63.46,1,22.14306412,0.07476095,36.23922605,0,0
0,0,0,1,0,2014,8.2898715,0.15547,9.8713857,67.45,1,22.01325247,-0.07583484,43.38497098,0,0
0,0,0,1,0,2013,7.51604864,0.14826,9.9432271,71.23,1,21.90201683,0.14058323,61.5740147,0,0
0,0,0,1,0,2012,7.58352355,0.15184,9.76451264,71.23,1,21.76610992,0.3693041,59.09277777,0,0
0,0,0,1,0,2021,-8.38808044,-0.1425,8.80071708,46.75,0,21.94411552,-0.06346513,21.71521864,1,0
0,0,0,1,0,2020,-12.61047514,-0.04469,8.8573325,44.12,0,21.86950825,0.55194291,13.11198537,1,0
0,0,0,1,0,2019,-1.06948245,-0.01429,9.14363924,39.72,0,21.89144865,0.03611316,7.98712456,1,0
0,0,0,1,0,2018,-3.78208105,-0.04924,8.94051648,34.13,0,21.8835397,0.0187565,2.00883148,1,0
0,0,0,1,0,2017,0.9287219,0.01258756,9.12057393,39.96,0,21.94292782,-0.19716561,0,1,0
0,0,0,1,0,2016,-3.39693397,0.0239,9.16554108,43.01,0,22.03863734,-0.51554209,0.78876266,1,0
0,0,0,1,0,2015,1.01184113,0.05409,9.20411998,38.73,0,22.20314799,-0.08941735,0,1,0
0,0,0,1,0,2014,2.75424296,0.04981,9.45453998,44.64,0,22.21927253,-0.06379333,10.06493593,1,0
0,0,0,1,0,2013,4.82210329,0.09292,9.74818803,53.05,1,22.27787389,-0.13371933,11.2235574,1,0
0,0,0,1,0,2012,5.24140832,0.09824,9.84757266,60.29,1,22.29548567,0.55812823,0,1,0
0,0,0,1,0,2021,-46.78521187,-0.7167,8.90252178,56.91,1,23.51048938,-0.23328993,125.6251044,0,0
0,0,0,1,0,2020,-0.70574683,-0.01775,9.30046179,50.96,1,23.84520878,-0.17077167,115.732547,0,0
0,0,0,1,0,2019,-16.20812998,-0.19521874,9.63491554,52.37,1,23.8555496,0.41167585,111.9410781,0,0
0,0,0,1,0,2018,-8.55022562,-0.10689,9.65852614,47.23,0,24.23767609,-0.09547361,122.4109509,0,0
0,0,0,1,0,2017,-8.08360306,-0.0053,9.62141731,55.98,1,24.12422216,-0.33989952,173.7059689,0,0
0,0,0,1,0,2016,0.55764267,0.03884,9.97967421,57.22,1,24.34717801,-0.24869406,142.6036152,0,0
0,0,0,1,0,2015,-2.22770375,0.10989,10.07551046,59.62,1,24.32035884,0.02423932,150.1534986,0,0
0,0,0,1,0,2014,4.68624992,0.11638,10.13564701,52.66,1,24.26604333,0.18669111,141.441973,0,0
0,0,0,1,0,2013,5.37510277,0.13145,10.45935994,57.2,1,24.00472168,0.21213457,121.2443774,0,0
0,0,0,1,0,2012,6.83730337,0.1375,10.18924051,59.29,1,22.731756,1.70396205,93.74856205,0,0
0,0,0,0,0,2021,0.12514713,-0.05132106,9.13230544,23.31,0,23.72510463,0.09989347,118.1653463,0,0
0,0,0,0,0,2020,-2.19973474,-0.00658411,8.99936578,25.25,0,23.78856904,0.06792231,117.1912023,0,1
0,0,0,0,0,2019,-0.30484518,0.01248693,9.11518873,26.46,0,23.70998961,-0.28626736,114.789993,0,1
0,0,0,0,0,2018,-0.01655544,0.02219,9.14712612,22.85,0,23.76092703,0.12639556,89.78853563,0,1
0,0,0,0,0,2017,-1.62913665,0.0142,9.21732628,5.85,0,23.79533474,-0.05315019,94.65770551,0,1
0,0,0,0,0,2016,1.41416215,-0.00967626,9.2237608,5.31,0,23.87374791,0.01836799,94.55220986,0,1
0,0,0,0,0,2015,-0.51295087,0.08342,9.24364416,5.14,0,23.82758584,-0.05227312,114.4741157,0,1
0,0,0,0,0,2014,5.79308785,0.03555,9.24912703,5.41,0,23.74823992,0.08993889,103.0867649,0,1
0,0,0,0,0,2013,0.64426116,-0.422153,9.404276,6.7,0,23.67350972,0.18342887,111.6755512,0,1
0,0,0,0,0,2012,1.7320782,0.378041,9.4037213,5.65,0,23.64079827,0.05156004,96.64019152,0,1
0,0,0,0,0,2021,1.14672723,0.018,9.52387832,56.8,1,23.06757514,0.97536049,66.7608059,0,1
0,0,0,0,0,2020,0.18302313,-0.114,9.32720331,45.83,0,22.0817588,-0.43100894,30.50497162,0,1
0,0,0,0,0,2019,-0.1,-0.1135,9.39908532,50.73,1,22.07307125,0.06283841,43.57767326,0,1
0,0,0,0,0,2018,-0.07454875,-0.12527964,9.18694188,60.2,1,22.17658664,0.06705235,38.23978707,0,1
0,0,0,0,0,2017,-7.38723826,-0.07496296,9.721655,62.22,1,22.1947328,-0.05626741,32.90190088,0,1
0,0,0,0,0,2016,-4.96048174,0.02541243,9.7859922,65.84,1,22.18736718,-0.11886663,17.00076548,0,1
0,0,0,0,0,2015,1.80388817,0.08173858,9.87767627,54.89,1,22.19621897,-0.07220211,11.36005493,0,1
0,0,0,0,0,2014,6.04741204,0.08192371,9.91871288,51.38,1,22.10721545,0.00281799,11.03928152,0,1
0,0,0,0,0,2013,6.37013345,0.11402494,9.86224388,55.5,1,22.12126542,-0.03832211,0.00035248,0,1
0,0,0,0,0,2012,9.12706434,0.11015817,9.91243813,57.04,1,22.1089365,0.04099834,0.01517682,0,1
0,0,0,0,0,2021,-0.30566172,0.2244,10.85345484,70.38,1,24.56503804,0.60318897,11.04702878,1,0
0,0,0,0,0,2020,7.50775417,0.14964,10.73800092,29.12,0,24.04581676,-0.0841617,1.41700405,1,0
0,0,0,0,0,2019,-1.99516485,0.0536,10.76888366,75.48,1,24.40786113,-0.12266341,10.4447218,1,0
0,0,0,0,0,2018,16.66670325,0.18321,10.70407484,32.03,0,23.97828071,0.39639943,1.70351041,1,0
0,0,0,0,0,2017,4.68854532,0.11712,10.75942923,61.54,1,24.15185138,-0.07268617,1.03700117,1,0
0,0,0,0,0,2016,4.146503,0.11089,10.63429134,37.73,0,24.07187084,-0.0397974,1.17947364,1,0
0,0,0,0,0,2015,2.14892879,0.0931,10.76418217,65.89,1,24.38330848,-0.16377197,8.61924966,1,0
0,0,0,0,0,2014,1.72528792,0.17068,10.86591057,75.01,1,24.34400027,0.12460504,7.3061832,1,0
0,0,0,0,0,2013,6.33616848,0.11315,10.74175028,57.71,1,24.18737542,0.02393617,0.76177798,1,0
0,0,0,0,0,2012,4.70185212,0.15215,10.78438555,74.38,1,24.22768144,0.25591631,0.4916562,1,0
0,0,0,0,1,2021,6.69160697,0.24109,9.73233458,73.16,1,23.61177308,0.39004627,79.70077488,1,0
0,0,0,0,1,2020,0.76943013,0.03549,9.66928284,57.39,1,23.56351846,0.06159584,109.7865806,1,0
0,0,0,0,1,2019,-2.02299048,-0.05599,9.74391645,59.87,1,23.60745541,-0.01526,124.7927191,1,0
0,0,0,0,1,2018,-5.74308051,-0.21435,9.41637891,54.5,1,23.65389746,-0.20431038,127.5945975,1,0
0,0,0,0,1,2017,0.94139162,0.02521,9.78995957,54.42,1,23.75892756,-0.01853117,103.3900815,1,0
0,0,0,0,1,2016,0.31289464,0.01069,9.75240456,44.78,0,23.77184674,0.10813876,95.92441273,1,0
0,0,0,0,1,2015,1.07635851,0.01829,9.79506898,35.27,0,23.78735745,-0.04951374,84.4398665,1,0
0,0,0,0,1,2014,2.73055246,0.07008,9.90052936,23.42,0,23.75433861,0.30245565,73.75712274,1,0
0,0,0,0,1,2013,6.08511392,0.10032,10.21431927,15.56,0,23.75505941,-0.02471509,66.16488673,1,0
0,0,0,0,1,2012,6.64581181,0.16649,10.2267149,16.42,0,23.52658385,0.72901729,39.98352114,1,0
0,0,0,0,1,2021,5.46881861,0.08589,9.77197883,75.98,1,22.89391255,0.25298659,49.08014111,0,1
0,0,0,0,1,2020,2.97295661,0.0508,9.93421144,75.34,1,22.85633736,0.10226165,52.95770475,0,1
0,0,0,0,1,2019,1.6007715,0.0308,9.96526088,63.35,1,22.85863865,0.1910259,53.29683104,0,1
0,0,0,0,1,2018,1.80225922,0.03901,9.8878551,61.99,1,22.78177966,0.05203801,67.62117862,0,1
0,0,0,0,1,2017,4.2872964,0.0784,9.90914561,56.79,1,22.85970059,0.22207936,73.68140176,0,1
0,0,0,0,1,2016,4.44927561,0.08263,9.91207215,28.47,0,22.78483015,0.07647511,54.77332586,0,1
0,0,0,0,1,2015,2.75156176,0.04675,9.8977292,35.53,0,22.70365733,-0.16312718,54.260826,0,1
0,0,0,0,1,2014,7.34863804,0.10302,9.86430145,35.78,0,22.44431739,0.18708693,26.35371726,0,1
0,0,0,0,1,2013,4.59074235,0.06651,9.90068206,33.37,0,22.30316021,0.12209334,25.33434979,0,1
0,0,0,0,1,2012,7.29045406,0.09825,9.79530803,31.39,0,22.27594185,-0.07711595,20.54425059,0,1
0,0,0,0,1,2021,3.71569182,0.07952,10.44662756,53.17,1,23.52663834,-0.00431406,52.75173126,0,0
0,0,0,0,1,2020,9.60745176,0.16471,10.37002786,54.83,1,23.67649762,0.38456411,46.04384258,0,0
0,0,0,0,1,2019,8.23734344,0.1416,10.43880047,54.82,1,23.59432451,0.44211889,49.61021049,0,0
0,0,0,0,1,2018,3.62123027,0.08699,10.46198161,58.8,1,23.54056498,0.05640706,53.50035498,0,0
0,0,0,0,1,2017,7.11415612,0.14794,10.44475089,41.23,0,23.54122221,0.02321603,56.5654249,0,0
0,0,0,0,1,2016,3.88018257,0.14278,10.4432758,39.41,0,23.61500888,-0.38247596,98.47668088,0,0
0,0,0,0,1,2015,1.19865812,0.0803,10.4807501,21.29,0,23.3210472,-0.02431448,131.4146785,0,0
0,0,0,0,1,2014,6.43534956,0.12731,10.47166442,21.46,0,23.45318189,-0.02360126,124.627286,0,0
0,0,0,0,1,2013,5.44940818,0.14982,10.41307205,21.71,0,23.89721542,-0.22005832,53.57153306,0,0
0,0,0,0,1,2012,4.17102291,0.1382,10.44915793,20.73,0,23.58794365,0.01017985,103.4056682,0,0
0,0,0,0,1,2021,10.00353094,0.19899,10.37189071,83.11,1,24.05823192,0.27698462,75.24746481,0,1
0,0,0,0,1,2020,4.14577441,0.0729,10.40821454,82.43,1,23.76522781,0.00399572,60.89909869,0,1
0,0,0,0,1,2019,3.31625137,0.06589,10.42282147,81.39,1,23.73876966,-0.1550301,62.92057116,0,1
0,0,0,0,1,2018,3.46217214,0.0655,10.42141826,83.93,1,23.66749722,-0.12474188,38.35629552,0,1
0,0,0,0,1,2017,5.66951796,0.09129,10.4263098,76.57,1,23.69389125,0.2725238,39.43141197,0,1
0,0,0,0,1,2016,9.45685532,0.15834,10.40858103,71.3,1,23.63216343,0.20921765,43.46785396,0,1
0,0,0,0,1,2015,5.86480689,0.09981,10.38782581,66.56,1,23.57163522,0.22641726,47.52604561,0,1
0,0,0,0,1,2014,8.38378524,0.12976,10.38630464,67.89,1,23.27953152,0.21674621,37.54548514,0,1
0,0,0,0,1,2013,8.36079714,0.12511,10.42456926,71.53,1,23.18694085,-0.09137789,30.99840983,0,1
0,0,0,0,1,2012,9.86561088,0.14859,10.40858116,68.3,1,23.86157643,-0.00246123,34.86410448,0,1
0,0,0,0,0,2021,4.38376159,0.08389,10.08563059,46.56,0,23.48153154,0.51345705,70.13509916,0,0
0,0,0,0,0,2020,3.58398765,0.1088,9.76156963,44.12,0,23.54697575,0.31299342,75.51642999,0,0
0,0,0,0,0,2019,4.44960396,0.0903,9.98478052,50.63,1,23.56766183,0.0826531,63.79633526,0,0
0,0,0,0,0,2018,2.40288713,0.0626,9.99023327,40.87,0,23.64623536,-0.19760915,64.15350637,0,0
0,0,0,0,0,2017,3.42176798,0.0665,9.8626818,66.06,1,23.63779641,-0.03978909,57.16689491,0,0
0,0,0,0,0,2016,4.86455017,0.09476,10.06397823,51.95,1,23.37351926,-0.11584521,69.90685177,0,0
0,0,0,0,0,2015,6.12756927,0.1155,10.04042358,36.76,0,23.31296026,0.076403,65.25665776,0,0
0,0,0,0,0,2014,7.82466512,0.13776,10.06014466,28.89,0,23.06052218,-0.00262276,46.22937542,0,0
0,0,0,0,0,2013,6.49049782,0.12127,10.03226881,28.51,0,23.00658299,-0.2758559,40.44218068,0,0
0,0,0,0,0,2012,7.05274804,0.14152,9.87114321,26.72,0,22.86320587,0.15479342,53.91115979,0,0
0,0,0,0,0,2021,3.87567922,0.07684,9.78890265,39.39,0,23.35448164,0.0322157,89.93337006,0,0
0,0,0,0,0,2020,6.41803984,0.10209,9.87078111,32.16,0,23.63553324,0.28800302,83.28486284,0,0
0,0,0,0,0,2019,3.74013514,0.06341,9.94824001,28.99,0,23.70544108,-0.09293278,73.01335526,0,0
0,0,0,0,0,2018,4.45599649,0.09091,10.0396589,39.99,0,23.71074137,-0.05874953,64.73670354,0,0
0,0,0,0,0,2017,3.77835929,0.07058,10.023155,36.21,0,23.76266565,0.18274197,64.19331868,0,0
0,0,0,0,0,2016,1.99238862,0.044,9.73141486,36.22,0,23.85901976,-0.05195231,65.4064007,0,0
0,0,0,0,0,2015,1.80180532,0.0369,10.00535234,41.75,0,23.78172687,-0.01644559,63.27478911,0,0
0,0,0,0,0,2014,1.84174113,0.0441,9.76059424,48.74,0,23.88001861,-0.29037012,63.35640023,0,0
0,0,0,0,0,2013,0.60647446,0.0798,9.74359932,53.18,1,23.76836182,-0.05935278,51.56152198,0,0
0,0,0,0,0,2012,1.41279105,0.0262,9.85878952,44.46,0,23.87827564,0.16787428,66.7779592,0,0
0,0,0,0,0,2021,4.83446362,0.07222,10.81001433,54.96,1,24.54120383,0.27805066,44.23200068,0,0
0,0,0,0,0,2020,0.45954154,0.0325,10.68371965,53.45,1,24.51952462,-0.10111534,48.66026191,0,0
0,0,0,0,0,2019,1.14315163,0.03756,10.68118448,56.81,1,24.53111183,0.29438183,45.30893104,0,0
0,0,0,0,0,2018,1.16707899,0.04683,10.67455352,56.63,1,24.53246976,0.03395004,43.76751205,0,0
0,0,0,0,0,2017,2.18050329,0.02714,10.6837779,54.29,1,24.38488272,0.11183066,31.76083523,0,0
0,0,0,0,0,2016,1.67293093,0.03907,10.71826327,54.65,1,24.33925078,0.18525491,35.10107915,0,0
0,0,0,0,0,2015,3.28071279,0.04469,10.73327446,43.37,0,24.2927391,0.1513407,33.1132549,0,0
0,0,0,0,0,2014,3.37480234,0.04184,10.59572441,46.36,0,24.07808086,0.086964,21.94825194,0,0
0,0,0,0,0,2013,2.77400972,0.03673,10.49694347,42.03,0,24.02873318,-0.02958937,24.68185456,0,0
0,0,0,0,0,2012,4.00456169,0.05079,10.43371944,37.15,0,23.96774473,1.09155357,22.39241142,0,0
0,0,0,0,0,2021,-3.79036107,-0.1148,9.99659778,67.02,1,23.72709336,-0.10359928,74.00195436,1,0
0,0,0,0,0,2020,-5.25744077,-0.0798,9.99221831,57.44,1,23.73284751,-0.64198989,58.50581745,1,0
0,0,0,0,0,2019,2.41607387,0.0582,10.10071019,48.89,0,23.8225766,0.07449035,54.32026548,1,0
0,0,0,0,0,2018,3.27039972,0.0781,10.14314062,53.39,1,23.82664564,0.04308807,56.2678063,1,0
0,0,0,0,0,2017,1.10606238,0.02671,10.16388548,52.6,1,23.83658748,0.11467664,63.66966178,1,0
0,0,0,0,0,2016,0.33836575,0.00851,10.00236922,45.82,0,23.78143568,0.07817696,64.41272499,1,0
0,0,0,0,0,2015,0.18158186,-0.00251,9.96885946,47.73,0,23.81382035,0.15745512,66.71281723,1,0
0,0,0,0,0,2014,4.05479743,0.03055,9.97054302,25.71,0,23.81211634,-0.18421137,88.95630871,1,0
0,0,0,0,0,2013,3.90109491,0.08648,10.0450097,18.63,0,23.07583267,0.15521065,85.27143283,1,0
0,0,0,0,0,2012,4.8474839,0.11114,9.79962306,24.25,0,22.90252975,0.28795068,75.16291681,1,0
0,0,0,0,0,2021,3.17085712,0.05349,10.49789317,36.97,0,24.77542115,0.13513896,49.84679348,1,0
0,0,0,0,0,2020,-0.32759092,0.0662,10.48666079,36.43,0,24.67106131,0.04892597,41.64611585,1,0
0,0,0,0,0,2019,2.76393632,0.0457,10.56967034,40.38,0,24.67188689,0.02077942,37.87283752,1,0
0,0,0,0,0,2018,2.50517328,0.03737,10.4740587,41.64,0,24.67576646,-0.12792112,36.91508302,1,0
0,0,0,0,0,2017,3.73414178,0.05436,10.51838781,31.89,0,24.64453596,0.0490738,33.47441947,1,0
0,0,0,0,0,2016,5.38772642,0.07032,10.5142712,27.6,0,24.75139757,-0.12019624,33.10465132,1,0
0,0,0,0,0,2015,5.68898333,0.07818,10.61972346,28.84,0,24.58898252,0.17341738,18.39404954,1,0
0,0,0,0,0,2014,5.67131585,0.08402,10.50652107,27.46,0,24.4509886,0.03616318,31.4853755,1,0
0,0,0,0,0,2013,5.80149818,0.09096,10.40385874,26.55,0,24.41793435,-0.00867462,41.35013296,1,0
0,0,0,0,0,2012,3.96445995,0.05362,10.28145232,22.87,0,24.32001928,0.06400003,42.42887869,1,0
0,0,0,0,0,2020,13.60291139,0.4471,9.82327678,65.88,1,21.89663736,0.62205421,0.88377489,0,0
0,0,0,0,0,2019,7.97199092,0.24876,9.68853474,54.1,1,21.5652812,-0.08247037,1.0471039,0,0
0,0,0,0,0,2018,9.898784,0.25974,9.7384208,46.84,0,21.61303188,0.00231957,0.91080696,0,0
0,0,0,0,0,2017,9.87760106,0.27115,9.72735849,54.62,1,21.52296927,0.10444503,0.93824854,0,0
0,0,0,0,0,2016,8.96173549,0.23155,9.66190269,56.99,1,21.61376768,-0.03068058,0,0,0
0,0,0,0,0,2015,11.03170825,0.25592,9.635301,61.12,1,21.45873229,0.03480398,0,0,0
0,0,0,0,0,2014,12.00784192,0.25,9.62120955,62.57,1,21.22796252,0.07149711,0,0,0
0,0,0,0,0,2013,9.1055949,0.20743,9.61681763,64.29,1,21.27810624,0.13220205,0,0,0
0,0,0,0,0,2012,8.10372663,0.17451,9.49472851,63.6,1,21.51101476,0.01825149,0,0,0
0,0,0,0,0,2021,1.1290795,0.01179,9.7199684,31.17,0,24.16318317,0.16561698,88.85602397,1,0
0,0,0,0,0,2020,-0.81074978,0.009,9.60381169,30.21,0,24.13706873,-0.17836077,86.26973153,1,0
0,0,0,0,0,2019,1.45922912,0.0148,9.81076805,26.63,0,24.12588604,0.09330088,78.4488771,1,0
0,0,0,0,0,2018,2.75833162,0.04209,9.96489354,21.07,0,24.10211167,-0.16189928,75.12336267,1,0
0,0,0,0,0,2017,3.97761414,0.10112,10.13707332,13.18,0,24.04555077,-0.24925609,51.69932601,1,0
0,0,0,0,0,2016,5.24073427,0.09738,9.95092501,11.06,0,23.65125125,-0.1534123,60.42774443,1,0
0,0,0,0,0,2015,6.15600073,0.13607,9.92483392,12.64,0,23.52193286,0.74314605,65.58882339,1,0
0,0,0,0,0,2014,3.9110982,0.0692,9.92306234,13.03,0,23.2964595,0.18675937,65.04904072,1,0
0,0,0,0,0,2013,4.53900582,0.0764,9.86927389,11.17,0,23.20750451,0.29073278,74.01860878,1,0
0,0,0,0,0,2012,5.18949076,0.0968,9.79306851,12.28,0,22.95899549,0.13174717,96.01139897,1,0
0,0,0,0,0,2021,9.37974758,0.41359,9.72435037,75.57,1,22.19161058,-0.03489834,0.97364096,0,0
